{"cameraMode":{"drawMode":0,"name":"Shaded","section":"Shading Mode"},"sceneLighting":true,"audioPlay":false,"sceneViewState":{"showFog":true,"showMaterialUpdate":false,"showSkybox":true,"showFlares":true,"showImageEffects":true,"showParticleSystems":true},"in2DMode":false,"pivot":{"x":-0.6387885212898254,"y":0.03635263442993164,"z":-2.081851005554199},"rotation":{"x":0.2277688980102539,"y":0.014023550786077977,"z":-0.0032807684037834408,"w":0.9736087322235107},"size":12.82371711730957,"orthographic":false}